CORPORATE_IDENTIFICATION_NUMBER,Company_Name,Company_status,Company_class,Company_Category,Company_sub_category,DATE_OF_REGISTRATION,REGISTERED_STATE,AUTHORIZED_CAP,PAIDUP_CAPITAL,Industrial_Class,PRINCIPAL_BUSINESS_ACTIVITY_AS_PER_CIN,Registered_Office_Address,REGISTRAR_OF_COMPANIES,EMAIL_ADDR,Latest_Year_AR,Latest_Year_BS
U01100MZ2016PTC013293,ZO THLAI THAR PRODUCER COMPANY LIMITED,Active,Private,Company limited by Shares,Non-govt company,25-05-16,Mizoram,1000000,10000,1100,"Agriculture, hunting and related service activities","DURTLANG MIZORAM MIZORAM , Aizawl Unclassified MZ 796025",RoC-Shillong,lalbiaka1966@gmail.com,NA,NA
U01100MZ2018PTC013328,CHHIMPHEI WOMEN POULTRY PRODUCER COMPANYLIMITED,Active,Private,Company limited by Shares,Non-govt company,20-09-18,Mizoram,1000000,290000,1100,"Agriculture, hunting and related service activities","H NO 10, M: 60 NEAR WAITING SHED, BAWANGKAWN VENG MELRIAT , Aizawl Unclassified MZ 796005",RoC-Shillong,CSSANJEEVJHA@GMAIL.COM,31-03-20,31-03-20
U01100MZ2019OPC013350,ZOLZAU FARM (OPC) PRIVATE LIMITED,Active,Private(One Person Company),Company limited by Shares,Non-govt company,05-07-19,Mizoram,1000000,100000,1100,"Agriculture, hunting and related service activities","TNVT 235 Tlangnuam Vengthar AIZAWL , Aizawl Unclassified MZ 796015",RoC-Shillong,vlpeka_mz@yahoo.com,NA,NA
U01100MZ2019PTC013336,ALALMAWIA PRIVATE LIMITED,Active,Private,Company limited by Shares,Non-govt company,12-02-19,Mizoram,100000,100000,1100,"Agriculture, hunting and related service activities","C/O LALMAWIA, H.NO.-C/7, ZOZINGA BLDG VAIVAKAWN ROAD, TUIKUAL NORTH AIZAWL , Aizawl Unclassified MZ 796001",RoC-Shillong,talumoya@gmail.com,NA,NA
U01100MZ2020PTC013370,ZAUPUI ORGANIC PRODUCER COMPANY LIMITED,Active,Private,Company limited by Shares,Non-govt company,05-09-20,Mizoram,1500000,10000,1100,"Agriculture, hunting and related service activities","House No 18, Neuva Section Chhimchhawng Veng, Ngopa, Saitual , Champhai Unclassified MZ 796290",RoC-Shillong,atanusristi@gmail.com,NA,NA
U01100MZ2020PTC013374,CHAMPHAI ORGANIC PRODUCER COMPANYLIMITED,Active,Private,Company limited by Shares,Non-govt company,16-10-20,Mizoram,1500000,10000,1100,"Agriculture, hunting and related service activities","NEAR PRESBYTERIAN ENGLISH MEDIUM SCHOOL TLANGSAM CHAMPHAI , Champhai Unclassified MZ 796321",RoC-Shillong,birdseyechilli1.fpo@gmail.com,NA,NA
U01110MZ2011PLC008266,NORTH EAST STEVIA LIMITED,Active,Public,Company limited by Shares,Non-govt company,08-08-11,Mizoram,1000000,1000000,1110,"Agriculture, hunting and related service activities","T-123, Model Veng, Near Fisheries Dept., Lengpui Lengpui , Aizawl Unclassified MZ 796410",RoC-Shillong,northeaststevia@gmail.com,NA,NA
U01110MZ2020PTC013369,KOLASIB ORGENIC TURMERIC PRODUCERCOMPANY LIMITED,Active,Private,Company limited by Shares,Non-govt company,02-08-20,Mizoram,1000000,10000,1110,"Agriculture, hunting and related service activities","ROOM NO 12, SECOND FLOOR CPC, ZORAM MEGA FOOD PARK NH 54 KHAMRANG , Kolasib Unclassified MZ 796070",RoC-Shillong,fpokolasib05@gmail.com,NA,NA
U01111MZ1999PLC005713,ZORAM AGRICULTURAL TRADING COMPANY LIMITED,Strike Off,Public,Company limited by Shares,Non-govt company,26-03-99,Mizoram,5000000,35000,1111,"Agriculture, hunting and related service activities","P O BAZAR BUNGKAWN AIZAWL , Unclassified MZ 000000",RoC-Shillong,NA,NA,NA
U01112MZ2020PTC013372,TLANGNUAM ORGANIC PRODUCER COMPANYLIMITED,Active,Private,Company limited by Shares,Non-govt company,28-09-20,Mizoram,1000000,10000,1112,"Agriculture, hunting and related service activities","HOUSE NO 141 THINGSUL TLANGNUAM AIZAWL , Aizawl Unclassified MZ 796161",RoC-Shillong,tlangnuamorganicspi@gmail.com,NA,NA
U01113MZ2018PTC013315,VAREDIMA PRIVATE LIMITED,Active,Private,Company limited by Shares,Non-govt company,27-03-18,Mizoram,1000000,200000,1113,"Agriculture, hunting and related service activities","C-23,NEAR TRANSPORT OFFICE, CHALTLANG LILY VENG,C/O RUNREMSANGI AIZWAL , Aizawl Unclassified MZ 796001",RoC-Shillong,chhawnchhek@gmail.com,NA,NA
U01114MZ2018PTC013312,AINON ENTERPRISES PRIVATE LIMITED,Active,Private,Company limited by Shares,Non-govt company,15-01-18,Mizoram,100000,100000,1114,"Agriculture, hunting and related service activities","A/F No 10. Near PCI Pastor Quater, Thuampui, Aizawl , Aizawl Unclassified MZ 796017",RoC-Shillong,santosh@vamco.in,NA,NA
U01114MZ2019PTC013333,CHHIMTLANG HANDLOOM PRODUCER COMPANYLIMITED,Active,Private,Company limited by Shares,Non-govt company,15-01-19,Mizoram,1000000,100000,1114,"Agriculture, hunting and related service activities","VILL-KHANGHMUN P.O-ZOTLANG LUNGLEI , Lunglei Unclassified MZ 796701",RoC-Shillong,awmpuiakh@gmail.com,NA,NA
U01114MZ2019PTC013355,ZOFRESH FARMS PRIVATE LIMITED,Active,Private,Company limited by Shares,Non-govt company,24-09-19,Mizoram,100000,100000,1114,"Agriculture, hunting and related service activities","C/O HMANGAIHZUALI V, HOUSE NO. T-23 TUIKHUAHTLANG AIZAWL , Aizawl Unclassified MZ 796001",RoC-Shillong,zofreshpdtion@gmail.com,NA,NA
U01119MZ1997PTC005236,VEE CEE COMMERCIALS PVT LTD,Strike Off,Private,Company limited by Shares,Non-govt company,03-11-97,Mizoram,200000,20000,1119,"Agriculture, hunting and related service activities","6AWNGKAWNRAMHLUN ROAD AIZAWAL MIZORAM , Unclassified MZ 000000",RoC-Shillong,NA,NA,NA
U01119MZ2000PTC006070,MIZORAM AGRO FOREST PRIVATE LIMITED,Strike Off,Private,Company limited by Shares,Non-govt company,13-03-00,Mizoram,2500000,30000,1119,"Agriculture, hunting and related service activities","0LECTRIC VENG B 69AIZAWL MIZORAM , Unclassified MZ 000000",RoC-Shillong,NA,NA,NA
U01119MZ2007PTC008235,ZOHILLS AGRICULTURE AND ALLIED SERVICESPRIVATE LIMITED,Strike Off,Private,Company limited by Shares,Non-govt company,12-02-07,Mizoram,1000000,149200,1119,"Agriculture, hunting and related service activities","OPPOSITE DIRECTORATE OF HORTICULTURE NEAR AIZAWL TENNIS COURT AIZAWL , Aizawl Unclassified MZ 796001",RoC-Shillong,zohai_06@yahoo.com,31-03-09,NA
U01119MZ2009PTC008252,NUTECH BAMBOO PROJECTS PRIVATE LIMITED,Active,Private,Company limited by Shares,Non-govt company,06-01-09,Mizoram,50000000,38825000,1119,"Agriculture, hunting and related service activities","H. NO. Y II-A7 DINGDI VENG, CHALTLANG AIZAWL , Unclassified MZ 796012",RoC-Shillong,nutechbamboo@gmail.com,31-03-17,31-03-17
U01122MZ2008PLC008239,MIZO ORGANIC LIMITED,Strike Off,Public,Company limited by Shares,Non-govt company,02-05-08,Mizoram,15000000,700000,1122,"Agriculture, hunting and related service activities","MIP OFFICE DIRECTORATE OF AGRICULTURE BUILDING TOP FLOOR, AIZAWL , Aizawl Unclassified MZ 796001",RoC-Shillong,pradeep@diamondshipping.com,31-03-09,31-03-09
U01122MZ2008PTC008240,MIZO ORGANICS SERCHHIP FARMER PRODUCER COMPANY LIMITED,Strike Off,Private,Company limited by Shares,Non-govt company,12-06-08,Mizoram,250000,0,1122,"Agriculture, hunting and related service activities","C/o AMFU Office, PU PC Thangliana Building H/No 165 Serchhip Bazar Veng, Serchhip , Serchhip Unclassified MZ 796181",RoC-Shillong,h-n78@rediffmail.com,NA,NA
U01122MZ2008PTC008241,MIZORGANIC CHAMPHAI FARMER PRODUCER COMPANY LIMITED,Strike Off,Private,Company limited by Shares,Non-govt company,12-06-08,Mizoram,250000,0,1122,"Agriculture, hunting and related service activities","C/o AMFU Office, Pu H. Taithuama Building Champhai Venglai Champhai , Champhai Unclassified MZ 796321",RoC-Shillong,h-n78@rediffmail.com,NA,NA
U01122MZ2008PTC008242,MIZORGANICS KOLASIB FARMER PRODUCER COMPANY LIMITED,Strike Off,Private,Company limited by Shares,Non-govt company,12-06-08,Mizoram,250000,0,1122,"Agriculture, hunting and related service activities","C/o AMFU Office, AMFU Building Project Veng, Near Telephone Exchange Kolasib , Kolasib Unclassified MZ 796081",RoC-Shillong,h-n78@rediffmail.com,NA,NA
U01122MZ2008PTC008243,MIZO ORGANIC MAMIT PRODUCER COMPANY LIMITED,Strike Off,Private,Company limited by Shares,Non-govt company,12-06-08,Mizoram,250000,0,1122,"Agriculture, hunting and related service activities","C/o AMFU Office, Pu Vanlalthawma Pachuau Building Mamit Zion Veng, Mamit , Mamit Unclassified MZ 796441",RoC-Shillong,h-n78@rediffmail.com,NA,NA
U01122MZ2008PTC008244,MIZORGANIC SAIHA PRODUCER COMPANY LIMITED,Strike Off,Private,Company limited by Shares,Non-govt company,12-06-08,Mizoram,250000,0,1122,"Agriculture, hunting and related service activities","C/o AMFU Office Dr. Chawngkhuma Chawngthu Building, College Veng Saiha , Saiha Unclassified MZ 796901",RoC-Shillong,h-n78@rediffmail.com,NA,NA
U01122MZ2008PTC008245,MIZO ORGANIC LAWNGTLAI PRODUCTS PRODUCER COMPANY LIMITED,Strike Off,Private,Company limited by Shares,Non-govt company,12-06-08,Mizoram,250000,0,1122,"Agriculture, hunting and related service activities","C/o AMFU Office Lawngtlai Bazar Veng, Lawngtlai , Lawngtlai Unclassified MZ 796891",RoC-Shillong,h-n78@rediffmail.com,NA,NA
U01122MZ2008PTC008246,MIZO ORGANIC AIZAWL FARMER PRODUCER COMPANY LIMITED,Strike Off,Private,Company limited by Shares,Non-govt company,12-06-08,Mizoram,250000,0,1122,"Agriculture, hunting and related service activities","C/o AMFU Office H. Thanzami Building, Treasury Square, Aizawl , Aizawl Unclassified MZ 796001",RoC-Shillong,pradeep@diamondshipping.com,NA,NA
U01403MZ2012PTC008271,PREMIER AGRO TECH PRIVATE LIMITED,Active,Private,Company limited by Shares,Non-govt company,02-04-12,Mizoram,500000,500000,1403,"Agriculture, hunting and related service activities","HOUSE NO. F-54, R.L ZOMAWIA BUILDING CHANMARI AIZAWL , Aizawl Unclassified MZ 796007",RoC-Shillong,premieragrotechpvtltd@gmail.com,NA,NA
U01409MZ2008PTC008247,MIZO ORGANIC LUNGLEI FARMER PRODUCER COMPANY LIMITED,Strike Off,Private,Company limited by Shares,Non-govt company,09-07-08,Mizoram,250000,0,1409,"Agriculture, hunting and related service activities","C/o AMFU Office, Pu K. Selhranga Building Near Civil Hospital, Lunglei , Lunglei Unclassified MZ 796571",RoC-Shillong,h-n78@rediffmail.com,NA,NA
U01409MZ2019PTC013352,REITLANG ORGANIC PRODUCER COMPANYLIMITED,Active,Private,Company limited by Shares,Non-govt company,12-07-19,Mizoram,500000,1000,1409,"Agriculture, hunting and related service activities","67, Venglai Reiek, Mamit MAMIT , Aizawl Unclassified MZ 796501",RoC-Shillong,ropcomz2019@gmail.com,NA,NA
U01419MZ1993SGC003867,MIZORAM AGRICULTURAL MARKETINGCORPORATION LTD.,Active,Private,Company limited by Shares,State Govt company,26-02-93,Mizoram,100000000,62410000,1419,"Agriculture, hunting and related service activities","ZARKAWT AIZWAL , Unclassified MZ 796001",RoC-Shillong,mamcoltd@gmail.com,31-03-10,31-03-09
U10101MZ2011SGC008268,MIZORAM MINERAL DEVELOPMENT CORPORATIONLIMITED,Strike Off,Public,Company limited by Shares,State Govt company,25-08-11,Mizoram,250000000,1500000,10101,Mining of coal and lignite; extraction of peat,"C/O Zoram Industrial Development Corporation Ltd New Secretariat Complex, Khatla Aizawl , Unclassified MZ 796001",RoC-Shillong,lalit.khetan@spml.co.in,31-03-15,31-03-15
U15134MZ1989SGC003379,MIZORAM FOOD AND ALLIED INDUSTRIESCORPORATION LTD,Active,Private,Company limited by Shares,State Govt company,19-12-89,Mizoram,200000000,197830900,15134,Manufacture of food products and beverages,"CANTEEN SQUARE AIZAWL , Unclassified MZ 796001",RoC-Shillong,mifco@rediffmail.com,31-03-12,31-03-10
U15143MZ1997PTC005117,ZAHNUN VEGETABLE OIL COMPANY PVT LTD,Strike Off,Private,Company limited by Shares,Non-govt company,10-07-97,Mizoram,1000000,20000,15143,Manufacture of food products and beverages,"THUAMPUIAIZAWL MIZORAM , Unclassified MZ 000000",RoC-Shillong,NA,NA,NA
U15143MZ2006PTC008232,MATHIPI OILS AND ALLIED SERVICES PRIVATE LIMITED,Strike Off,Private,Company limited by Shares,Non-govt company,20-10-06,Mizoram,1000000,0,15143,Manufacture of food products and beverages,"D-66,SIKULPUIKAWN,REPUBLIC ROAD MISSION VENG AIZAWL , Unclassified MZ 796001",RoC-Shillong,vanlal3@yahoo.co.in,NA,NA
U15300MZ2014PTC008278,ZORAM MEGA FOOD PARK PRIVATE LIMITED,Active,Private,Company limited by Shares,Non-govt company,30-05-14,Mizoram,200000000,120932500,15300,Manufacture of food products and beverages,"A-57 LOWER ZARKAWT AIZAWL , Aizawl Unclassified MZ 796001",RoC-Shillong,admin@zorammegafood.com,31-03-18,31-03-18
U15490MZ2019PTC013341,KHAWHRING ENTERPRISE PRIVATE LIMITED,Active,Private,Company limited by Shares,Non-govt company,22-04-19,Mizoram,1000000,100000,15490,Manufacture of food products and beverages,"C/o V Samuela Bethlehem, Vengthlang AIZAWL , Aizawl Unclassified MZ 796009",RoC-Shillong,canavinsharma1987@gmail.com,31-03-20,31-03-20
U15491MZ2001PTC006619,NGOPA TEA PRIVATE LIMITED,Active,Private,Company limited by Shares,Non-govt company,11-09-01,Mizoram,1000000,200000,15491,Manufacture of food products and beverages,"F KAPSANGA BUILDINGTUIKUAL A AIZAWL AIZAWL , Unclassified MZ 796001",RoC-Shillong,NA,NA,NA
U15543MZ2003PTC007080,MACY MINERAL WATER PRIVATE LIMITED,Strike Off,Private,Company limited by Shares,Non-govt company,16-04-03,Mizoram,500000,100000,15543,Manufacture of food products and beverages,"SIKULPUIKAWN MISSION VENGAIZAWL MIZORAM , Unclassified MZ 796001",RoC-Shillong,NA,NA,NA
U15543MZ2006PTC008234,STS BOTTLING PRIVATE LIMITED,Strike Off,Private,Company limited by Shares,Non-govt company,08-12-06,Mizoram,1000000,0,15543,Manufacture of food products and beverages,"BRIG. C.VANKUNGA BUILDING (1st FLOOR) LOWER CHANMARI, ELECTRIC MAIN ROAD AIZAWL , Aizawl Unclassified MZ 796007",RoC-Shillong,kiron_53@hotmail.com,NA,NA
U15549MZ2018PTC013311,WILD AND EXOTICA ORGANICS PRIVATELIMITED,Active,Private,Company limited by Shares,Non-govt company,15-01-18,Mizoram,1000000,200000,15549,Manufacture of food products and beverages,"H/O DR. C LALHMANMAWIA CANTEEN ROAD, ZEMABAWK AIZAWL , Aizawl Unclassified MZ 796017",RoC-Shillong,wildandexoticaorganic@rediffmail.com,31-03-20,31-03-20
U15549MZ2021PTC013383,FREEZY DRINKS INDUSTRIES PRIVATE LIMITED,Active,Private,Company limited by Shares,Non-govt company,25-03-21,Mizoram,1000000,100000,15549,Manufacture of food products and beverages,"M-7, RAMHLUN-SOUTH AIZAWL MIZORAM , Aizawl Unclassified MZ 796012",RoC-Shillong,sproyassociates@gmail.com,NA,NA
U17121MZ2013PTC008276,HMINGTHANGI MIZO-TEX PARK PRIVATELIMITED,Active,Private,Company limited by Shares,Non-govt company,03-12-13,Mizoram,1000000,100000,17121,Manufacture of textiles,"D-32, PWD Tillah Zarkawt Aizawl , Aizawl Unclassified MZ 796007",RoC-Shillong,jahau@yahoo.co.in,31-03-19,31-03-19
U17290MZ2021PTC013381,STELLIFY HANDLOOM PRODUCER COMPANYLIMITED,Active,Private,Company limited by Shares,Non-govt company,12-03-21,Mizoram,1500000,100000,17290,Manufacture of textiles,"Building No. B-4, Ramthar Veng Bishop Road Aizawl , Aizawl Unclassified MZ 796008",RoC-Shillong,zenithhandloomproducercompany@gmail.com,NA,NA
U17299MZ2021PTC013379,HNATLANG HANDLOOM PRODUCER COMPANYLIMITED,Active,Private,Company limited by Shares,Non-govt company,17-02-21,Mizoram,1500000,60000,17299,Manufacture of textiles,"H NO 75, VENGTHLANG, THENZAWL NEAR IIK CHURCH SERCHHIP , Serchhip Unclassified MZ 796186",RoC-Shillong,dreamweaveproducerco.ltd@gmail.com,NA,NA
U20211MZ1998PTC005565,ZORAM PLYWOOD AND AGROFARMS PRIVATE LIMITED,Strike Off,Private,Company limited by Shares,Non-govt company,20-10-98,Mizoram,1000000,10000,20211,"Manufacture of wood and of products of wood and cork, except furniture; manufacture of articles of straw and plaiting materials","KULIAWN WESTAIZAWL MIZORAM , Unclassified MZ 000000",RoC-Shillong,NA,NA,NA
U20219MZ2010PTC008259,NAMSAY ENTERPRISES PRIVATE LIMITED,Strike Off,Private,Company limited by Shares,Non-govt company,22-06-10,Mizoram,1000000,500000,20219,"Manufacture of wood and of products of wood and cork, except furniture; manufacture of articles of straw and plaiting materials","52, DIAKKAWN. KOLASIB , Unclassified MZ 796081",RoC-Shillong,gclient09@gmail.com,31-03-15,31-03-15
U20293MZ2006PTC008231,GRACE RTP BAMBOO PRIVATE LIMITED,Active,Private,Company limited by Shares,Non-govt company,11-09-06,Mizoram,1000000,996100,20293,"Manufacture of wood and of products of wood and cork, except furniture; manufacture of articles of straw and plaiting materials","A/14, RTP BUSINESS TUIKUAL 'A' AIZAWL , Unclassified MZ 796001",RoC-Shillong,gracertp@gmail.com,31-03-20,31-03-20
U20293MZ2006PTC008233,ZOCRAFTS BAMBOO PRIVATE LIMITED,Strike Off,Private,Company limited by Shares,Non-govt company,22-11-06,Mizoram,500000,0,20293,"Manufacture of wood and of products of wood and cork, except furniture; manufacture of articles of straw and plaiting materials","F-46, HRANTHANGA COLONY LOWER COLONY AIZAWL , Aizawl Unclassified MZ 796007",RoC-Shillong,danielhnr@yahoo.com,NA,NA
U20299MZ1992PTC003700,ZONUN MAT PLY PVT LTD,Active,Private,Company limited by Shares,Non-govt company,28-04-92,Mizoram,7000000,4000000,20299,"Manufacture of wood and of products of wood and cork, except furniture; manufacture of articles of straw and plaiting materials","A-20, ZARKAWT AIZWAL-1,AIZAWL, MIZORAM. , Unclassified MZ 000000",RoC-Shillong,zonun_matply@yahoo.co.in,31-03-19,31-03-19
U20299MZ1997PTC005235,NORTH EAST BAMBOARD PVT LTD,Strike Off,Private,Company limited by Shares,Non-govt company,03-11-97,Mizoram,500000,20000,20299,"Manufacture of wood and of products of wood and cork, except furniture; manufacture of articles of straw and plaiting materials","D K 70 DINTHAR 1AIZAWAL DIST AIZAWAL. MIZORAM , Unclassified MZ 000000",RoC-Shillong,NA,NA,NA
U22219MZ2010PTC008258,HIND SURYA BOOKS & PUBLISHING PRIVATELIMITED,Active,Private,Company limited by Shares,Non-govt company,22-06-10,Mizoram,1000000,100000,22219,"Manufacture:Publishing, printing and reproduction of recorded media","H.NO, -B 32 KHATLA AIZAWL , Aizawl Unclassified MZ 796001",RoC-Shillong,wilfred_reid@yahoo.com,NA,NA
U24100MZ2018PTC013326,SR EXPLO PRIVATE LIMITED,Active,Private,Company limited by Shares,Non-govt company,06-09-18,Mizoram,1000000,100000,24100,Manufacture of chemicals and chemical products,"H/O-ST THANGTEA, VH/T3-20 VENGHNUAI AIZAWL , Aizawl Unclassified MZ 796005",RoC-Shillong,st.lalnunmawia@gmail.com,31-03-19,31-03-19
U24299MZ2019PTC013348,INULACARE WELLNESS PRIVATE LIMITED,Active,Private,Company limited by Shares,Non-govt company,20-06-19,Mizoram,100000,70000,24299,Manufacture of chemicals and chemical products,"C/o. Mr. P C Rokhuma, Sub Div - I, Mission Vengthlang, AIZAWL , Aizawl Unclassified MZ 796005",RoC-Shillong,frankievarte@gmail.com,NA,NA
U26942MZ1998PTC005357,MAMA CEMENTS PVT LTD,Strike Off,Private,Company limited by Shares,Non-govt company,09-03-98,Mizoram,500000,20000,26942,Manufacture of other non-metallic mineral products,"N 66 VENGHLUIAIZAWL MIZORAM , Unclassified MZ 000000",RoC-Shillong,NA,NA,NA
U27109MZ2000PTC006077,HAUVA STEEL PRIVATE LIMITED,Strike Off,Private,Company limited by Shares,Non-govt company,15-03-00,Mizoram,2500000,10000,27109,Manufacture of basic metals,"ZARKUT AIZAWL , Unclassified MZ 000000",RoC-Shillong,NA,NA,NA
U27310MZ1989PTC003167,ZORAM GALVANISHED CORRUGATION INDUSTRY PVT LTD,Strike Off,Private,Company limited by Shares,Non-govt company,18-01-89,Mizoram,2000000,30000,27310,Manufacture of basic metals,"ZARKAWAT AIZAWL , Unclassified MZ 000000",RoC-Shillong,NA,NA,NA
U27310MZ2016PTC013297,SIHHMUI THILTHA FERRO INDUSTRY PRIVATELIMITED,Active,Private,Company limited by Shares,Non-govt company,29-07-16,Mizoram,100000,100000,27310,Manufacture of basic metals,"Tuikhuahtlang Aizawl , Aizawl Unclassified MZ 796001",RoC-Shillong,amungvigil@gmail.com,NA,NA
U29219MZ1995PTC004626,KOLODYNE KOMBINE PVT LTD,Strike Off,Private,Company limited by Shares,Non-govt company,05-12-95,Mizoram,1000000,30000,29219,Manufacture of machinery and equipment n.e.c.,"JUIKHUAHTLANGAIZAWAL MIZORAM , Unclassified MZ 000000",RoC-Shillong,NA,NA,NA
U29308MZ2021PTC013382,BI-SONS PRIVATE LIMITED,Active,Private,Company limited by Shares,Non-govt company,25-03-21,Mizoram,500000,500000,29308,Manufacture of machinery and equipment n.e.c.,"H/N.Y.135A. RAMHLUN SOUTH C/O LALBIAKZUALA RALTE RAMHLUN SOUTH AIZAWL , Aizawl Unclassified MZ 796012",RoC-Shillong,client@legalraasta.com,NA,NA
U31909MZ1991SGC003526,ZORAM ELECTRONICS DEVELOPMENTCORPORATION LIMITED,Active,Public,Company limited by Shares,State Govt company,20-03-91,Mizoram,500000,47737,31909,Manufacture of electrical machinery and apparatus n.e.c.,"TREASURY SQUARE AIZAWL , Unclassified MZ 796001",RoC-Shillong,NA,NA,NA
U33119MZ1999PTC005936,MIZORAM PHARMACEUTICAL LABORATORIES PRIVATE LIMITED,Strike Off,Private,Company limited by Shares,Non-govt company,05-11-99,Mizoram,1000000,20000,33119,"Manufacture of medical, precision and optical instruments, watches and clocks","CENTENERY BUILDING DAWRPUI CHURCH DIST AIZAWL , Unclassified MZ 796001",RoC-Shillong,NA,NA,NA
U34100MZ2015PTC008289,AIDU MOTORS PRIVATE LIMITED,Active,Private,Company limited by Shares,Non-govt company,13-11-15,Mizoram,5000000,5000000,34100,"Manufacture of motor vehicles, trailers and semi-trailers","H/No. A-II, C/3, Salem Veng, Chaltlang, Aizawl Mizoram , Aizawl Unclassified MZ 796012",RoC-Shillong,director@aidumotors.com,31-03-20,31-03-20
U36101MZ2006PTC008123,CEEKE BAMBOO & WOOD PRODUCTS PRIVATE LIMITED,Strike Off,Private,Company limited by Shares,Non-govt company,25-04-06,Mizoram,15000000,150000,36101,Manufacture of furniture; manufacturing n.e.c.,"401, PART OF MISSION VENG AIZAWL , Unclassified MZ 796015",RoC-Shillong,NA,NA,NA
U36997MZ2010PTC008260,BLUE MOUNTAIN TIMBERS PRIVATE LIMITED,Active,Private,Company limited by Shares,Non-govt company,28-07-10,Mizoram,3000000,550000,36997,Manufacture of furniture; manufacturing n.e.c.,"H/O MR. JOEL LALRINPUIA MURRAY M-112, MISSION VENGTHLANG AIZAWL , Aizawl Unclassified MZ 796005",RoC-Shillong,ajay6690@yahoo.com,NA,NA
U36999MZ2019PTC013334,VALLI STRONG BRICKS PRIVATE LIMITED,Under Process of Striking off,Private,Company limited by Shares,Non-govt company,07-02-19,Mizoram,1000000,100000,36999,Manufacture of furniture; manufacturing n.e.c.,"V-14(1), BAWNGKAWN LUNGLEI ROAD, C. LALENGZAUVA BLDG MIZORAM , Aizawl Unclassified MZ 796014",RoC-Shillong,vimal.bvcl@gmail.com,NA,NA
U40100MZ2015PTC008283,VACHA ENERGY VENTURES PRIVATE LIMITED,Active,Private,Company limited by Shares,Non-govt company,08-04-15,Mizoram,3000000,3000000,40100,"Electricity, gas, steam and hot water supply","T-30, Tuikhuahtlang, Near P.H.E. Office, Aizawl , Aizawl Unclassified MZ 796001",RoC-Shillong,imkrenthlei@gmail.com,31-03-18,31-03-18
U40101MZ2005SGC007916,MIZORAM INFRASTRUCTURE DEVELOPMENTAGENCY LIMITED,Active,Private,Company limited by Shares,State Govt company,07-10-05,Mizoram,2000000,100000,40101,"Electricity, gas, steam and hot water supply","BLOCK C CIVIL SECRETARIAT TREASURY SQUARE DIST AIZAWL MIZORAM , Unclassified MZ 796001",RoC-Shillong,NA,NA,NA
U40101MZ2011PLC008269,MIZORAM POWER DEVELOPMENT CORPORATIONLIMITED,Strike Off,Public,Company limited by Shares,Non-govt company,26-08-11,Mizoram,250000000,1500000,40101,"Electricity, gas, steam and hot water supply","C/O Zoram Industrial Development Corporation Ltd New Secretariat Complex, Khatla Aizawl , Aizawl Unclassified MZ 796001",RoC-Shillong,lalit.khetan@spml.co.in,31-03-15,31-03-15
U40103MZ2011PTC008264,ETERNITY ENERGY PRIVATE LIMITED,Active,Private,Company limited by Shares,Non-govt company,06-07-11,Mizoram,10000000,1000000,40103,"Electricity, gas, steam and hot water supply","Aijal Club, City Centre, Near Tennis court, Khatla , Unclassified MZ 796001",RoC-Shillong,prissy7kim@gmail.com,31-03-20,31-03-20
U40300MZ2018PTC013325,LT-RADLA PRIVATE LIMITED,Active,Private,Company limited by Shares,Non-govt company,02-08-18,Mizoram,600000,600000,40300,"Electricity, gas, steam and hot water supply","N-50, VENGLAI BUNGKAWN AIZAWL , Aizawl Unclassified MZ 796001",RoC-Shillong,hmangaihzuala37@gmail.com,31-03-19,31-03-19
U45100MZ2019PTC013346,BLIJ ENGG & CONSTRUCTION PRIVATE LIMITED,Active,Private,Company limited by Shares,Non-govt company,29-05-19,Mizoram,1000000,100000,45100,Construction,"C/o Ngentluana-IV, L-10, B-1 Chawnpui AIZAWL , Aizawl Unclassified MZ 796009",RoC-Shillong,canavinsharma1987@gmail.com,31-03-20,31-03-20
U45200MZ2017PTC013306,ARJYOMITRO CONSTRUCTION PRIVATE LIMITED,Active,Private,Company limited by Shares,Non-govt company,12-09-17,Mizoram,100000,100000,45200,Construction,"19, Helipad Road, Near SSB Colony Kamla Nagar II, Bajeisora, Chawngte C II Lawngtlai , Lawngtlai Unclassified MZ 796772",RoC-Shillong,rupayanchakma@gmail.com,31-03-20,31-03-20
U45201MZ1990PTC003417,MIZORAM ELITE CONSTRUCTION COMPANY PVTLTD,Active,Private,Company limited by Shares,Non-govt company,01-03-90,Mizoram,3000000,2990000,45201,Construction,"KANAN VENG AIZAWL , Unclassified MZ 796009",RoC-Shillong,rahulhlaskar@gmail.com,31-03-18,31-03-18
U45201MZ2005PTC007837,LIANDO CONSTRUCTION PRIVATE LIMITED,Strike Off,Private,Company limited by Shares,Non-govt company,03-08-05,Mizoram,500000,103500,45201,Construction,"VENGHLUIDIST AIZAWL MIZORAM , Unclassified MZ 796001",RoC-Shillong,NA,NA,NA
U45201MZ2011PTC008267,ROYTE DEVELOPERS PRIVATE LIMITED,Active,Private,Company limited by Shares,Non-govt company,10-08-11,Mizoram,2500000,100000,45201,Construction,"THLANG TIANG BUILDING HOUSE NO 188/W-22, DAWRPUI WEST AIZAWL , Unclassified MZ 796001",RoC-Shillong,ttbena@gmail.com,31-03-19,31-03-19
U45201MZ2014PLC008277,MIZORAM INFRASTRUCTURE DEVELOPMENTCOMPANY LIMITED,Under Process of Striking off,Public,Company limited by Shares,Non-govt company,25-03-14,Mizoram,500000,500000,45201,Construction,"C/O ZORAM INDUSTRIAL DEVELOPMENT CORPORATION LTD. NEW SECRETARIAT COMPLEX, KHATLA AIZAWL , Aizawl Unclassified MZ 796001",RoC-Shillong,swatiagarwal@spml.co.in,31-03-19,31-03-19
U45201MZ2015PTC008284,ZOCONS CIVIL ENGINEERING PRIVATE LIMITED,Strike Off,Private,Company limited by Shares,Non-govt company,15-06-15,Mizoram,100000,100000,45201,Construction,"A-33,2nd Floor Zachhunga Building Opposite Abigail LowerZarkawt, Aizawl , Aizawl Unclassified MZ 796001",RoC-Shillong,ela075@gmail.com,NA,NA
U45201MZ2019OPC013337,LALHMING INFRASTRUCTURES ANDCONSTRUCTIONS (OPC) PRIVATE LIMITED,Active,Private(One Person Company),Company limited by Shares,Non-govt company,18-02-19,Mizoram,1000000,100000,45201,Construction,"H/NO. A-6, HLIMEN DAMVENG NEAR PRESBYTERIAN CHURCH AIZAWL , Aizawl Unclassified MZ 796005",RoC-Shillong,lhinc2019@gmail.com,NA,NA
U45201MZ2019PTC013351,BLUE MOUNTAIN CONSTRUCTION ENGINEERING &SERVICES PRIVATE LIMITED,Active,Private,Company limited by Shares,Non-govt company,09-07-19,Mizoram,1000000,100000,45201,Construction,"ZOMUAN VILLA, HOUSE NO: C-IV/66-B AND C-IV/66-D (PART), CHAWLHHMUN AIZAWL , Aizawl Unclassified MZ 796009",RoC-Shillong,partha.phukan@gmail.com,NA,NA
U45201MZ2020PTC013364,SAN CREATIVE CONSULTANCY PRIVATE LIMITED,Active,Private,Company limited by Shares,Non-govt company,24-02-20,Mizoram,500000,150000,45201,Construction,"B- 18, AINAWN, NEAR PRESBYSTERIAN CHURCH THUAMPUI, ZEMABAWK AIZAWL , Aizawl Unclassified MZ 796017",RoC-Shillong,sameer.nitb@gmail.com,NA,NA
U45202MZ2005PTC007690,L & V ENGINEERING PRIVATE LIMITED,Strike Off,Private,Company limited by Shares,Non-govt company,28-03-05,Mizoram,500000,100000,45202,Construction,"TUIKUAL HOUSE NO B30AIZWAL MIZORAM , Unclassified MZ 796001",RoC-Shillong,NA,NA,NA
U45202MZ2008PTC008238,LUSHAI ENGINEERS PRIVATE LIMITED,Strike Off,Private,Company limited by Shares,Non-govt company,17-03-08,Mizoram,1000000,100000,45202,Construction,"C/O V. NEIHKUNGA BUILDING CANTEEN SQ, DAWRPUI AIZAWL , Aizawl Unclassified MZ 796001",RoC-Shillong,mcpuia@gmail.com,31-03-09,NA
U45202MZ2008PTC008250,JR BUILDERS AND CONSTRUCTIONS PRIVATE LIMITED,Strike Off,Private,Company limited by Shares,Non-govt company,01-10-08,Mizoram,2000000,0,45202,Construction,"ZALAWMA BUILDING ZARKAWT AIZAWL , Aizawl Unclassified MZ 796001",RoC-Shillong,shy_loveuall@yahoo.com,NA,NA
U45202MZ2011PTC008263,ZORPI INFRASTRUCTURE PRIVATE LIMITED,Strike Off,Private,Company limited by Shares,Non-govt company,09-05-11,Mizoram,2000000,100000,45202,Construction,"HOUSE NO. B-6, UPPER REPUBLIC PO:AIZAWL AIZAWL , Unclassified MZ 796001",RoC-Shillong,zipproject@zorpi.in,31-03-14,31-03-14
U45203MZ2013PTC008273,PACHUAU CONSTRUCTION PRIVATE LIMITED,Strike Off,Private,Company limited by Shares,Non-govt company,06-02-13,Mizoram,1000000,100000,45203,Construction,"C/O LALTHANZARA 94, VAIVAKAWN I AIZAWL , Aizawl Unclassified MZ 796009",RoC-Shillong,pcramtea@gmail.com,NA,NA
U45209MZ2019PTC013340,GREENHILL SERVICES PRIVATE LIMITED,Active,Private,Company limited by Shares,Non-govt company,16-04-19,Mizoram,100000,100000,45209,Construction,"C/O P.C. Chuauhnuna House No A-16, Salem Veng LUNGLEI , Lunglei Unclassified MZ 796701",RoC-Shillong,josephlbpachuau@gmail.com,NA,NA
U45309MZ1987PTC002676,KEES CONSTRUCTION INDIA PVT LTD,Strike Off,Private,Company limited by Shares,Non-govt company,07-04-87,Mizoram,2000000,2000,45309,Construction,"ELECTRIC VENG CHURCH STREETAIZWAL MIZORAM , Unclassified MZ 000000",RoC-Shillong,NA,NA,NA
U45309MZ2019PTC013360,SPAN RTA CONSULTANCY PRIVATE LIMITED,Active,Private,Company limited by Shares,Non-govt company,07-11-19,Mizoram,1000000,100000,45309,Construction,"CNB E-23, LILY VENG CHALTLANG AIZWAL , Aizawl Unclassified MZ 796014",RoC-Shillong,ajaygotame@gmail.com,31-03-20,31-03-20
U45309MZ2020PTC013375,ANDREA INFRA PROJECTS PRIVATE LIMITED,Active,Private,Company limited by Shares,Non-govt company,19-10-20,Mizoram,1000000,500000,45309,Construction,"NEW COLONY WEST -I SAIHA , Saiha Unclassified MZ 796901",RoC-Shillong,CHLYCHHO@GMAIL.COM,NA,NA
U45400MZ2007PLC008255,ASIAN BULLS CONSTRUCTION AND DEVELOPERSLIMITED,Active,Public,Company limited by Shares,Non-govt company,25-05-07,Mizoram,70000000,65500000,45400,Construction,"Room No. 1A, Top Floor, Millinium Centre Dawrpui, Aizawl Aizawl , Unclassified MZ 796001",RoC-Shillong,jameskeishing1962@gmail.com,31-03-20,31-03-20
U45403MZ2018SGC013317,AIZAWL SMART CITY LIMITED,Active,Public,Company limited by Shares,State Govt company,28-03-18,Mizoram,500000,100000,45403,Construction,"C/O MIZORAM SECRETARIAT NEW CAPITAL COMPLEX AIZAWL , Aizawl Unclassified MZ 796005",RoC-Shillong,atanusristi@gmail.com,NA,NA
U45500MZ2018PTC013321,LOOSIS INFRA PRIVATE LIMITED,Active,Private,Company limited by Shares,Non-govt company,12-06-18,Mizoram,150000,100000,45500,Construction,"M - 3 / 6, Chhinga Veng, AIZAWL , Aizawl Unclassified MZ 796001",RoC-Shillong,alloysiuslalremruata@gmail.com,NA,NA
U51109MZ1998PLC005310,ZORAM AGROFARM INDUSTRIES LIMITED,Strike Off,Public,Company limited by Shares,Non-govt company,21-01-98,Mizoram,500000,7000,51109,"Wholesale trade and commission trade, except of motor vehicles and motorcycles","C O DR SAMTE VUNGZALIANTUIKUAL A AIZWAL DIST AIZWAL. MIZORAM , Unclassified MZ 000000",RoC-Shillong,NA,NA,NA
U51431MZ2008PTC008248,NIAGARA TIMBER PRODUCTS PRIVATE LIMITED,Active,Private,Company limited by Shares,Non-govt company,11-07-08,Mizoram,1000000,100000,51431,"Wholesale trade and commission trade, except of motor vehicles and motorcycles","CHALLIANNGURA BUILDING 5TH FLOOR, NEAR VANAPA HALL, TREASURY SQRS AIZAWL , Aizawl Unclassified MZ 796001",RoC-Shillong,josethomasca@gmail.com,31-03-11,31-03-11
U51505MZ2008PTC008249,LIMA TRADING PRIVATE LIMITED,Strike Off,Private,Company limited by Shares,Non-govt company,22-08-08,Mizoram,1000000,0,51505,"Wholesale trade and commission trade, except of motor vehicles and motorcycles","C/O K C THAKURI BUILDING NEAR AIZAWL WATCH HOUSE BAZAR BUNGKAWN, DAWRPUI AIZAWL , Aizawl Unclassified MZ 796001",RoC-Shillong,kh_randall8@yahoo.com,NA,NA
U51909MZ2009PTC008254,PENIEL ENTERPRISES PRIVATE LIMITED,Active,Private,Company limited by Shares,Non-govt company,15-10-09,Mizoram,1000000,100000,51909,"Wholesale trade and commission trade, except of motor vehicles and motorcycles","T-37, TUIKHUAHTLANG AIZAWL , Aizawl Unclassified MZ 796001",RoC-Shillong,akansanju@gmail.com,NA,NA
U51909MZ2012PTC008270,KING TRADING PRIVATE LIMITED,Strike Off,Private,Company limited by Shares,Non-govt company,20-03-12,Mizoram,10500000,100000,51909,"Wholesale trade and commission trade, except of motor vehicles and motorcycles","E-29 CHANMARI AIZAWL , Aizawl Unclassified MZ 796007",RoC-Shillong,gauraf_14@yahoo.com,31-03-16,31-03-16
U51909MZ2013PTC008272,MIZO LIFE STYLE MARKETING PRIVATELIMITED,Strike Off,Private,Company limited by Shares,Non-govt company,31-01-13,Mizoram,100000,100000,51909,"Wholesale trade and commission trade, except of motor vehicles and motorcycles","T-5/B, IIIrd FLOOR TUIKHUAHTLANG AIZAWL , Aizawl Unclassified MZ 796001",RoC-Shillong,gunasekaran@rmpadmin.com,31-03-17,31-03-17
U51909MZ2018PTC013324,ZONU MEAT PROCESSING PRIVATE LIMITED,Active,Private,Company limited by Shares,Non-govt company,30-07-18,Mizoram,100000,100000,51909,"Wholesale trade and commission trade, except of motor vehicles and motorcycles","MV-14 MISSION VENG DISTRICT SUB DIVISION-I A MIZORAM , Aizawl Unclassified MZ 796005",RoC-Shillong,rinzuala@gmail.com,NA,NA
U51909MZ2019OPC013358,NEU BUANSING (OPC) PRIVATE LIMITED,Active,Private(One Person Company),Company limited by Shares,Non-govt company,19-10-19,Mizoram,100000,100000,51909,"Wholesale trade and commission trade, except of motor vehicles and motorcycles","C/O B MANGA ,BETHEL CHAMPHAI CHAMPHAI , Champhai Unclassified MZ 796321",RoC-Shillong,neuneubuansing77@gmail.com,31-03-20,31-03-20
U51909MZ2020PTC013367,ATBUYS PRIVATE LIMITED,Active,Private,Company limited by Shares,Non-govt company,27-04-20,Mizoram,1500000,100000,51909,"Wholesale trade and commission trade, except of motor vehicles and motorcycles","Atbuys, S110, Sanghnuna Market, near Aizawal Watch House, Dawrpui, Aizawl , Aizawl Unclassified MZ 796001",RoC-Shillong,cs.rohit@outlook.com,NA,NA
U52100MZ2013SGC008274,MIZORAM DIRECT MARKETING LIMITED,Strike Off,Public,Company limited by Shares,State Govt company,11-03-13,Mizoram,1000000,500000,52100,"Retail trade, except of motor vehicles and motorcycles; repair of personal and household goods","T-5/D, Ist FLOOR TUIKHUAHTLANG AIZAWL , Aizawl Unclassified MZ 796001",RoC-Shillong,miz.directmarketing@gmail.com,NA,NA
U52100MZ2020OPC013366,NEIHSIAL VENTURES (OPC) PRIVATE LIMITED,Active,Private(One Person Company),Company limited by Shares,Non-govt company,01-04-20,Mizoram,100000,100000,52100,"Retail trade, except of motor vehicles and motorcycles; repair of personal and household goods","KHUANGPUILAM COFFEEMUAL KOLASIB , Kolasib Unclassified MZ 796081",RoC-Shillong,rneihsial@gmail.com,NA,NA
U52393MZ2016PTC013299,L&L GEMS AND JEWELLERY PRIVATE LIMITED,Active,Private,Company limited by Shares,Non-govt company,14-09-16,Mizoram,100000,100000,52393,"Retail trade, except of motor vehicles and motorcycles; repair of personal and household goods","H.No. A-168 Luangmual West Aizawl , Aizawl Unclassified MZ 796009",RoC-Shillong,drmawia@yahoo.com,31-03-20,31-03-20
U52520MZ2016OPC013291,PS (OPC) PRIVATE LIMITED,Active,Private(One Person Company),Company limited by Shares,Non-govt company,19-04-16,Mizoram,100000,100000,52520,"Retail trade, except of motor vehicles and motorcycles; repair of personal and household goods","House No. 225, Champhai Vengthar Champhai , Champhai Unclassified MZ 796321",RoC-Shillong,pszatluanga@gmail.com,31-03-17,31-03-17
U52520MZ2019PTC013359,SHIVEEMA INTERNATIONAL PRIVATE LIMITED,Active,Private,Company limited by Shares,Non-govt company,23-10-19,Mizoram,100000,100000,52520,"Retail trade, except of motor vehicles and motorcycles; repair of personal and household goods","CNB-B1 CHALTLANG LILY VENG AIZAWAL KBC NGUNGA CHALTLANG AIZAWL , Aizawl Unclassified MZ 796001",RoC-Shillong,meenakshibjp@gmail.com,NA,NA
U52590MZ2010PTC008257,HONEYCOMB AGENCIES AND MARKETING PRIVATE LIMITED,Strike Off,Private,Company limited by Shares,Non-govt company,29-03-10,Mizoram,500000,500000,52590,"Retail trade, except of motor vehicles and motorcycles; repair of personal and household goods","BHAGWATI COMPLEX CANTEEN SQUARE AIZAWL , Aizawl Unclassified MZ 796001",RoC-Shillong,birmiwal.clients@yahoo.in,31-03-12,31-03-12
U52599MZ2014PTC008280,ZOLAND PALI TRADERS PRIVATE LIMITED,Strike Off,Private,Company limited by Shares,Non-govt company,08-12-14,Mizoram,100000,100000,52599,"Retail trade, except of motor vehicles and motorcycles; repair of personal and household goods","29 kahrawt veng B C Lalthlamuana Building champai , Champhai Unclassified MZ 796321",RoC-Shillong,rchullova@yahoo.in,NA,NA
U52609MZ2016PTC013300,CURREX TRADING PRIVATE LIMITED,Active,Private,Company limited by Shares,Non-govt company,23-11-16,Mizoram,100000,100000,52609,"Retail trade, except of motor vehicles and motorcycles; repair of personal and household goods","Republic Hmar, Veng, Aizawl , Aizawl Unclassified MZ 796001",RoC-Shillong,amuana91@gmail.com,31-03-18,31-03-18
U55101MZ1984PTC002211,MOONLIGHT HOTEL PVT LTD,Strike Off,Private,Company limited by Shares,Non-govt company,17-08-84,Mizoram,3500000,1130000,55101,Hotels and restaurants,"AIZAWL , Unclassified MZ",RoC-Shillong,NA,NA,NA
U55101MZ2001PTC006593,MIZORAM GRAND HOTEL PRIVATE LIMITED,Strike Off,Private,Company limited by Shares,Non-govt company,23-08-01,Mizoram,500000,100000,55101,Hotels and restaurants,"CHANDMARY VENGAIZAWL MIZORAM , Unclassified MZ 000000",RoC-Shillong,NA,NA,NA
U55101MZ2005PTC007647,HRANGBANA RESORT PRIVATE LIMITED,Strike Off,Private,Company limited by Shares,Non-govt company,01-02-05,Mizoram,500000,100000,55101,Hotels and restaurants,"D-4/A,CHANDMARI, DIST: AIZAWL AIZAWL , Unclassified MZ 796007",RoC-Shillong,NA,NA,NA
U55209MZ2020PTC013377,DAJ PIZZERIA HOUSE PRIVATE LIMITED,Active,Private,Company limited by Shares,Non-govt company,26-11-20,Mizoram,100000,100000,55209,Hotels and restaurants,"C/O ROZAMA, AIZAWL REV I, , BAWNGKAWN AIZWAL AIZWAL , Aizawl Unclassified MZ 796014",RoC-Shillong,dipakkumargiri2020@gmail.com,NA,NA
U60210MZ1971PTC001346,MIZO TRANSPORT CO PVT LTD,Strike Off,Private,Company limited by Shares,Non-govt company,29-06-71,Mizoram,100000,300,60210,"Transport, storage and communications","BARA BAZARAIZAWL MIZORAM , Unclassified MZ 000000",RoC-Shillong,NA,NA,NA
U60231MZ2000PTC006158,MIZORAM ROAD TRANSPORT COMPANY PRIVATE LIMITED,Strike Off,Private,Company limited by Shares,Non-govt company,11-05-00,Mizoram,500000,20000,60231,"Transport, storage and communications","LOWER ZARKOWTAIZWAL MIZORAM , Unclassified MZ 796007",RoC-Shillong,NA,NA,NA
U60232MZ2018PTC013320,HLDL SOLUTIONS PRIVATE LIMITED,Active,Private,Company limited by Shares,Non-govt company,06-06-18,Mizoram,100000,100000,60232,"Transport, storage and communications","A-48, SECTOR-1 CHAR NO. ROAD TUIKUAL A, AIZAWL MUNCIPAL COUNCIL,AIZAWL MIZORAM , Aizawl Unclassified MZ 796001",RoC-Shillong,hmingafanai4@gmail.com,31-03-20,31-03-20
U63040MZ2001PTC006486,CHIEF TRAVELS & COMMUNICATIONS PRIVATE LIMITED,Strike Off,Private,Company limited by Shares,Non-govt company,10-04-01,Mizoram,500000,100000,63040,"Transport, storage and communications","ZARKAWTAIZAWL MIZORAM , Unclassified MZ 000000",RoC-Shillong,akansanju@gmail.com,NA,NA
U64200MZ2016PTC013294,BCA COMMUNICATIONS PRIVATE LIMITED,Active,Private,Company limited by Shares,Non-govt company,02-06-16,Mizoram,1000000,1000000,64200,"Transport, storage and communications","SHOP NO.H-6,LALBUAIA SHOPPING COMPLEX ZARKAWT AIZAWL , Aizawl Unclassified MZ 796001",RoC-Shillong,bcacommaizawl@gmail.com,31-03-20,31-03-20
U64202MZ2008PTC008237,VEES COMMUNICATIONS PRIVATE LIMITED,Strike Off,Private,Company limited by Shares,Non-govt company,13-02-08,Mizoram,2000000,100000,64202,"Transport, storage and communications","H. NO E/58, CHANMARI RAMHLUN ROAD AIZAWL , Unclassified MZ 796007",RoC-Shillong,veescommunication@rediffmail.com,31-03-12,31-03-12
U64203MZ2015PTC008286,ZORAM BUSINESS ENTERPRISE PRIVATELIMITED,Active,Private,Company limited by Shares,Non-govt company,16-07-15,Mizoram,5000000,5000000,64203,"Transport, storage and communications","HOUSE NO- B/5 CHANMARI AIZWAL , Aizawl Unclassified MZ 796007",RoC-Shillong,tpx.zadeng@gmail.com,31-03-20,31-03-20
U65921MZ2007PLC008236,LERSIA FORTUNE FINANCE COMPANY LIMITED,Strike Off,Public,Company limited by Shares,Non-govt company,20-08-07,Mizoram,20500000,500000,65921,Financial intermediation,"ZOLIANSANGA BUILDING CHANMARI AIZAWL , Unclassified MZ 796001",RoC-Shillong,legacycorpn@yahoo.co.in,31-03-13,31-03-13
U65922MZ2006PLC008256,NORTH EAST REGION HOUSING FINANCECOMPANY LIMITED,Active,Public,Company limited by Shares,Non-govt company,03-04-06,Mizoram,200000000,136665000,65922,Financial intermediation,"HOUSE NO. D 64(E), 2ND BACK SIDE BUILDING, REPUBLIC ROAD, SIKULPUIKAWN, MISSION VENG, AIZAWL AIZAWL , Aizawl Unclassified MZ 796005",RoC-Shillong,nerhoficltd@gmail.com,31-03-18,31-03-18
U65929MZ1988SGC003161,MIZORAM HANDLOOM AND HANDICRAFTSDEVELOPMENT CORPORATION LTD,Active,Private,Company limited by Shares,State Govt company,20-12-88,Mizoram,100000000,100000000,65929,Financial intermediation,"KHATLA, AIZWAL, , Unclassified MZ 796001",RoC-Shillong,kdk1999@gmail.com,NA,31-03-10
U65929MZ2013NPL008275,LEGACY INDIA MICRO FINANCE,Active,Private,Company Limited by Guarantee,Non-govt company,25-03-13,Mizoram,0,0,65929,Financial intermediation,"KLB 5(J) Zemabawk, AL Road Aizawl , Aizawl Unclassified MZ 796017",RoC-Shillong,akansanju@gmail.com,NA,NA
U65990MZ2014NPL008279,LUSHAI HILLS MICRO FINANCE,Active,Private,Company Limited by Guarantee,Non-govt company,25-07-14,Mizoram,0,0,65990,Financial intermediation,"DV 3 THAKTHING DAMVENG AIZAWL , Aizawl Unclassified MZ 796005",RoC-Shillong,drdothanga@gmail.com,NA,NA
U65999MZ2020PLN013362,IRA MUTUAL BENEFIT NIDHI LIMITED,Active,Public,Company limited by Shares,Non-govt company,07-02-20,Mizoram,1000000,1000000,65999,Financial intermediation,"C/o L H Lianai Tuikual S AIZAWL, DIS III , Aizawl Unclassified MZ 796001",RoC-Shillong,rayum777@gmail.com,NA,NA
U65999MZ2020PLN013363,IRA WEALTH MANAGEMENT NIDHI LIMITED,Active,Public,Company limited by Shares,Non-govt company,21-02-20,Mizoram,1000000,1000000,65999,Financial intermediation,"C/o L H Lianai Tuikual S AIZAWL, DIS III , Aizawl Unclassified MZ 796001",RoC-Shillong,rayum777@gmail.com,NA,NA
U70100MZ2018PTC013331,VAIPHEI REAL ESTATE PRIVATE LIMITED,Active,Private,Company limited by Shares,Non-govt company,14-12-18,Mizoram,1000000,100000,70100,Real estate activities,"D-34, PWD Tlang, Millinium Centre, Zarkawt, Aizawl Municipal Council AIZAWL, , Aizawl Unclassified MZ 796001",RoC-Shillong,hmingivaiphei17@gmail.com,31-03-20,31-03-20
U70100MZ2019PTC013332,MIZO REAL ESTATE DEVELOPERS PRIVATELIMITED,Active,Private,Company limited by Shares,Non-govt company,08-01-19,Mizoram,1000000,100000,70100,Real estate activities,"C/o Vanlalhmuaka, Electric Veng Near Sport Complex LUNGLEI , Lunglei Unclassified MZ 796701",RoC-Shillong,canavinsharma1987@gmail.com,31-03-20,31-03-20
U70101MZ1999PTC005885,ZORAM CONSTRUCTION COMPANY PRIVATE LIMITED,Strike Off,Private,Company limited by Shares,Non-govt company,04-10-99,Mizoram,1000000,3000,70101,Real estate activities,"P O A 15 ZARKAWTAIZAWL DIST AIZAWL MIZORAM , Unclassified MZ 000000",RoC-Shillong,jpsassociates@hotmail.com,NA,NA
U70101MZ2015PTC008281,RALTE REAL ESTATE & INFRASTRUCTUREPRIVATE LIMITED,Active,Private,Company limited by Shares,Non-govt company,07-01-15,Mizoram,1000000,100000,70101,Real estate activities,"SHOP NO. 9, DURA CHAWNGTHU MARKET ZION STREET AIZAWL , Aizawl Unclassified MZ 796001",RoC-Shillong,lallawmsanga17@gmail.com,31-03-20,31-03-20
U70109MZ2000PTC006021,T.B.C. ENGINEERS PRIVATE LIMITED,Strike Off,Private,Company limited by Shares,Non-govt company,09-02-00,Mizoram,2500000,2000,70109,Real estate activities,"DAWRPUI VENG NEAR AIZWALWATCH HOUSE DIST AIZWAL MIZORAM , Unclassified MZ 000000",RoC-Shillong,NA,NA,NA
U70109MZ2009PTC008253,KHAWLHRING DAWN INFRASTRUCTURE PRIVATE LIMITED,Strike Off,Private,Company limited by Shares,Non-govt company,15-07-09,Mizoram,500000,150000,70109,Real estate activities,"DAWRPUI SOUTH, SANGHNUNA BUILDNG, DAWRPUI AIZAWL , Aizawl Unclassified MZ 796001",RoC-Shillong,remsangpuii.sailo@cmcltd.com,NA,NA
U70109MZ2019PTC013357,KHIANGTE INFRASTRUCTURE PRIVATE LIMITED,Active,Private,Company limited by Shares,Non-govt company,17-10-19,Mizoram,1000000,100000,70109,Real estate activities,"C/o Lalringdika, Falkland, Thuampui AIZAWL , Aizawl Unclassified MZ 796017",RoC-Shillong,canavinsharma1987@gmail.com,31-03-20,31-03-20
U70109MZ2020PTC013368,BELA & SONS INFRACON PRIVATE LIMITED,Active,Private,Company limited by Shares,Non-govt company,19-07-20,Mizoram,1000000,30000,70109,Real estate activities,"C/O MR. LALRAMMAWIA, GOVERNMENT COMPLEX AIZWAL , Aizawl Unclassified MZ 796009",RoC-Shillong,lalrammawiamawitea2@gmail.com,NA,NA
U72100MZ1976PTC001668,HOTEL MOREENE PVT LTD,Strike Off,Private,Company limited by Shares,Non-govt company,08-06-76,Mizoram,1000000,400,72100,Computer and related activities,"AIZWAL AIZWAL MIZORAM , Unclassified MZ 000000",RoC-Shillong,NA,NA,NA
U72100MZ1988PLC003015,MIZO TUBES LTD,Strike Off,Public,Company limited by Shares,Non-govt company,28-06-88,Mizoram,4000000,200,72100,Computer and related activities,"CHANDMARYAIZWAL MIZORAM , Unclassified MZ 000000",RoC-Shillong,NA,NA,NA
U72100MZ1990PTC003487,MIZORAM ELECTRICALS PVT LTD,Strike Off,Private,Company limited by Shares,Non-govt company,03-12-90,Mizoram,2000000,108000,72100,Computer and related activities,"KANAN AIZAWL , Unclassified MZ 000000",RoC-Shillong,NA,NA,NA
U72100MZ2006PTC008055,MALSON BAMBOO PVT LTD,Strike Off,Private,Company limited by Shares,Non-govt company,08-02-06,Mizoram,500000,100000,72100,Computer and related activities,"CHAWNPUIVENG AIZAWL , Unclassified MZ 796009",RoC-Shillong,NA,NA,NA
U72100MZ2015PTC008287,FRALICE KNOWLEDGE HUB PRIVATE LIMITED,Strike Off,Private,Company limited by Shares,Non-govt company,29-07-15,Mizoram,100000,100000,72100,Computer and related activities,"Y-15 BAWNGKAWN SOUTH Aizawl , Aizawl Unclassified MZ 796014",RoC-Shillong,francisjoute@gmail.com,NA,NA
U72200MZ2011PTC008265,ETERNITY WILL E-SERVICES PRIVATE LIMITED,Strike Off,Private,Company limited by Shares,Non-govt company,15-07-11,Mizoram,500000,500000,72200,Computer and related activities,"Aijal Club, City Centre, Near Tennis court, Khatla , Aizawl Unclassified MZ 796001",RoC-Shillong,harrydhaul@gmail.com,NA,NA
U72200MZ2018OPC013316,ZOTEK CONSULTANTS (OPC) PRIVATE LIMITED,Active,Private(One Person Company),Company limited by Shares,Non-govt company,28-03-18,Mizoram,100000,100000,72200,Computer and related activities,"W-9 DAWRPUI WEST DAWRPUI AIZAWL , Aizawl Unclassified MZ 796001",RoC-Shillong,BIAKRINAWMA@GMAIL.COM,31-03-19,31-03-19
U72900MZ2000PTC006005,COATES INFORMATION TECHNOLOGY PRIVATE LIMITED,Strike Off,Private,Company limited by Shares,Non-govt company,25-01-00,Mizoram,500000,20000,72900,Computer and related activities,"2ND FLOOR R B COMPLEXZARKAWT AIZWAL MIZORAM , Unclassified MZ 796001",RoC-Shillong,NA,NA,NA
U72900MZ2015PTC008288,PISTICUS NETWORK SOLUTIONS PRIVATELIMITED,Strike Off,Private,Company limited by Shares,Non-govt company,25-08-15,Mizoram,100000,100000,72900,Computer and related activities,"Lalhmelthaa Building, Upper Khatla, Aizawl Mizoram, Aizawl , Unclassified MZ 796001",RoC-Shillong,nextcommisp@gmail.com,NA,NA
U72900MZ2017PTC013304,ZORAM INTERNET PROVIDER PRIVATE LIMITED,Active,Private,Company limited by Shares,Non-govt company,18-08-17,Mizoram,500000,500000,72900,Computer and related activities,"M/D 15 CHALTLANG VENGLAI AIZAWL , Aizawl Unclassified MZ 796012",RoC-Shillong,brishisharma@gmail.com,NA,NA
U72900MZ2017PTC013309,AAWB INTERNET PRIVATE LIMITED,Active,Private,Company limited by Shares,Non-govt company,05-12-17,Mizoram,1000000,100000,72900,Computer and related activities,"H. No B-117 Ramhlun Venglai Aizawl , Aizawl Unclassified MZ 796012",RoC-Shillong,messarock@aol.in,31-03-20,31-03-20
U72900MZ2018PTC013327,LAILEN CONSULTING PRIVATE LIMITED,Active,Private,Company limited by Shares,Non-govt company,20-09-18,Mizoram,100000,100000,72900,Computer and related activities,"T111, 1ST FLOOR, TUIKHUAHTLANG AIZAWL , Aizawl Unclassified MZ 796001",RoC-Shillong,ZOREMA07@GMAIL.COM,31-03-20,31-03-20
U72900MZ2018PTC013330,MIZOSERVER NETWORK PRIVATE LIMITED,Active,Private,Company limited by Shares,Non-govt company,11-12-18,Mizoram,100000,0,72900,Computer and related activities,"C - 48 Model Veng AIZAWL , Aizawl Unclassified MZ 796005",RoC-Shillong,mizoservernetwork@gmail.com,31-03-19,31-03-19
U72900MZ2019OPC013344,PACHUAU TECHNOLOGY SOLUTIONS (OPC)PRIVATE LIMITED,Active,Private(One Person Company),Company limited by Shares,Non-govt company,30-04-19,Mizoram,100000,100000,72900,Computer and related activities,"C/O P.C Rothuama, H No T-63 Tuikhuahlang, Nr RL New Building AIZAWL , Aizawl Unclassified MZ 796001",RoC-Shillong,director@lightningnet.in,NA,NA
U72900MZ2019PTC013345,MANDR INTERNET SERVICE PRIVATE LIMITED,Active,Private,Company limited by Shares,Non-govt company,21-05-19,Mizoram,1000000,100000,72900,Computer and related activities,"S/O HUALNGO BOCHUNG MANHLEIA BETHEL VENG, CHAMPHAI CHAMPHAI , Champhai Unclassified MZ 796321",RoC-Shillong,HBHMINGTHANTLUANGA@GMAIL.COM,31-03-20,31-03-20
U72900MZ2019PTC013353,LALAT INTERNET SERVICE PRIVATE LIMITED,Active,Private,Company limited by Shares,Non-govt company,13-08-19,Mizoram,500000,100000,72900,Computer and related activities,"LALAT TOWER, U-63, UPPER BAZAR, DAWRPUI AIZAWL , Aizawl Unclassified MZ 796001",RoC-Shillong,rovalalat@yahoo.co.in,31-03-20,31-03-20
U72900MZ2019PTC013361,OLSAM ONLINE SERVICES PRIVATE LIMITED,Active,Private,Company limited by Shares,Non-govt company,03-12-19,Mizoram,100000,100000,72900,Computer and related activities,"C/O LALRINKIMI, SARON VENG AIZAWL , Aizawl Unclassified MZ 796001",RoC-Shillong,OLSAM@OLSAM.IN,31-03-20,31-03-20
U72900MZ2020PTC013371,ZOPRO PRIVATE LIMITED,Active,Private,Company limited by Shares,Non-govt company,07-09-20,Mizoram,100000,5000,72900,Computer and related activities,"V13, 1st Floor, Bawngkawn, Near CK Hyundai Aizawl , Aizawl Unclassified MZ 796001",RoC-Shillong,support@meraprofit.com,NA,NA
U73100MZ2019NPL013354,AMFU WELFARE FOUNDATION,Active,Private,Company Limited by Guarantee,Non-govt company,12-09-19,Mizoram,0,0,73100,Research and development,"MZ-02/15 C-3/180A, TARGET BAZAR, CHANMARI-III LUNGLEI , Lunglei Unclassified MZ 796701",RoC-Shillong,HMAR.JOSEPH@GMAIL.COM,31-03-20,31-03-20
U74140MZ2001PTC006564,BIOSC MANAGEMENT CENTRE MIZORAM PRIVATELIMITED,Strike Off,Private,Company limited by Shares,Non-govt company,02-07-01,Mizoram,100000,100000,74140,Other business activities,"E 78 CHAWNGA ROAD KHATLAAIZWAL MIZORAM , Unclassified MZ 796001",RoC-Shillong,akansanju@gmail.com,NA,NA
U74140MZ2008PLC008251,MIZORAM FINANCIAL CONSULTANCY SERVICES LIMITED,Strike Off,Public,Company limited by Shares,Non-govt company,02-10-08,Mizoram,500000,0,74140,Other business activities,"H. NO.95, RAMTHAR VENG SIHPUI VENG AIZAWL , Aizawl Unclassified MZ 796001",RoC-Shillong,ranadhirpal@gmail.com,NA,NA
U74210MZ2001PTC006609,MIZORAM TECHNOCRATS COMPANY PRIVATE LIMITED,Strike Off,Private,Company limited by Shares,Non-govt company,30-08-01,Mizoram,1000000,105000,74210,Other business activities,"ITI VENG AIZAWLDISTRRICT AIZAWL MIZORAM , Unclassified MZ 000000",RoC-Shillong,NA,NA,NA
U74900MZ2010PTC008261,HILL-TRIBES ENTERPRISE PRIVATE LIMITED,Active,Private,Company limited by Shares,Non-govt company,09-08-10,Mizoram,1000000,100000,74900,Other business activities,"C/O HLUNA PAKHUANGTE, HOUSE NO B/33 PANGDAILO BUILDING, MC DONALD HILL, ZARKAWT AIZAWL , Aizawl Unclassified MZ 796007",RoC-Shillong,johnzjoute@rediffmail.com,31-03-11,31-03-11
U74900MZ2015NPL008282,AIZAWL CRICKET LEAGUE,Active,Private,Company limited by Shares,Non-govt company,30-01-15,Mizoram,100000,100000,74900,Other business activities,"Model Veng,Aizawl, H.Thanhrila Building Aizawl , Aizawl Unclassified MZ 796001",RoC-Shillong,secretarial@esselgroup.com,31-03-20,31-03-20
U74920MZ2002PLC006810,MOUNTAIN SECURITY SERVICES LIMITED,Strike Off,Public,Company limited by Shares,Non-govt company,20-05-02,Mizoram,500000,500000,74920,Other business activities,"LAIHNUNA BUILDING SIKULPUI ROAD DIST AIZAWAL AIZAWAL , Unclassified MZ 796001",RoC-Shillong,NA,NA,NA
U74940MZ2015PTC008290,ZOMUAN FILM PRODUCTION PRIVATE LIMITED,Active,Private,Company limited by Shares,Non-govt company,26-11-15,Mizoram,500000,100000,74940,Other business activities,"LSC No. CHP-45 of 1991, Bethel, Champhai, Champhai , Champhai Unclassified MZ 796321",RoC-Shillong,ts.mang2015@gmail.com,NA,NA
U74995MZ2016PTC013296,PACHUAU CONSULTING PRIVATE LIMITED,Active,Private,Company limited by Shares,Non-govt company,27-06-16,Mizoram,100000,100000,74995,Other business activities,"B-42, Second Floor, Dawrpui Vengthar, Aizawl , Aizawl Unclassified MZ 796001",RoC-Shillong,pcconsultingpvtltd@gmail.com,31-03-18,31-03-18
U74999MZ2016PTC013292,NORTH EAST VOCATIONAL & SKILL ACADEMYPRIVATE LIMITED,Active,Private,Company limited by Shares,Non-govt company,25-05-16,Mizoram,500000,100000,74999,Other business activities,"M-73 ZAKAMLOVA BUILDING ARMED VENG AIZAWL , Aizawl Unclassified MZ 796007",RoC-Shillong,vanlalthakima@yahoo.com,31-03-17,31-03-17
U74999MZ2016PTC013295,KING SKILLS DEVELOPMENT AND TRAININGPRIVATE LIMITED,Active,Private,Company limited by Shares,Non-govt company,06-06-16,Mizoram,500000,100000,74999,Other business activities,"F MALSAWMA BUILDING BETHEL COLONY CHALTLANG AIZAWL , Aizawl Unclassified MZ 796012",RoC-Shillong,kingdina7@yahoo.co.in,NA,NA
U74999MZ2016PTC013298,MIZORAM NETSKY ENTERPRISE PRIVATELIMITED,Active,Private,Company limited by Shares,Non-govt company,10-08-16,Mizoram,100000,100000,74999,Other business activities,"UKA-5 UPPER KANAN AIZAWL , Aizawl Unclassified MZ 796009",RoC-Shillong,CVLRNGA11@GMAIL.COM,31-03-17,31-03-17
U74999MZ2016PTC013301,ZOMI HEALTH CARE PRIVATE LIMITED,Active,Private,Company limited by Shares,Non-govt company,09-12-16,Mizoram,200000,200000,74999,Other business activities,"L-33 E, 1/B, Near Sub Center Laipuitlang Aizawl , Aizawl Unclassified MZ 796012",RoC-Shillong,rzoding@yahoo.co.in,NA,NA
U74999MZ2017PTC013302,VARVA PROJECT MANAGEMENT SERVICESPRIVATE LIMITED,Active,Private,Company limited by Shares,Non-govt company,13-02-17,Mizoram,100000,100000,74999,Other business activities,"A-120, Tuikual South, Aizawl , Aizawl Unclassified MZ 796001",RoC-Shillong,benlrza@gmail.com,NA,NA
U74999MZ2017PTC013303,LUSHAIHILLS LOGISTICS PRIVATE LIMITED,Active,Private,Company limited by Shares,Non-govt company,24-06-17,Mizoram,500000,100000,74999,Other business activities,"GROUND FLOOR AIJAL CLUB AIZAWL , Aizawl Unclassified MZ 796001",RoC-Shillong,LUSHAIHILLSLOGISTIC@GMAIL.COM,31-03-20,31-03-20
U74999MZ2017PTC013305,ZORAM INFONET PRIVATE LIMITED,Active,Private,Company limited by Shares,Non-govt company,31-08-17,Mizoram,100000,100000,74999,Other business activities,"T-68, TUIKHUAHTLANG NGUR ENG HOUSE AIZAWL , Aizawl Unclassified MZ 796001",RoC-Shillong,philiplalchhanz@gmail.com,31-03-20,31-03-20
U74999MZ2017PTC013307,FANCHUN NETWORK PRIVATE LIMITED,Active,Private,Company limited by Shares,Non-govt company,16-11-17,Mizoram,100000,100000,74999,Other business activities,"H.No. C-4/2, Bawngkawn Venglai Aizawl , Aizawl Unclassified MZ 796014",RoC-Shillong,adikafc@gmail.com,31-03-20,31-03-20
U74999MZ2017PTC013308,ZOSANG AGRO PRIVATE LIMITED,Active,Private,Company limited by Shares,Non-govt company,27-11-17,Mizoram,100000,50000,74999,Other business activities,"D-77/A, Hebron Street, Aizawl , Aizawl Unclassified MZ 796007",RoC-Shillong,jojochhelo@gmail.com,31-03-20,31-03-20
U74999MZ2017PTC013310,TOLLOT NETWORK PRIVATE LIMITED,Active,Private,Company limited by Shares,Non-govt company,19-12-17,Mizoram,100000,90000,74999,Other business activities,"B/62, BARA BAZAR, DAWRPUI OPPS ZION STREET BUS STAND AIZAWL , Aizawl Unclassified MZ 796001",RoC-Shillong,BIAKRINAWMA@GMAIL.COM,31-03-19,31-03-19
U74999MZ2018PTC013313,ABBA TRIP PLANNERS PRIVATE LIMITED,Active,Private,Company limited by Shares,Non-govt company,12-02-18,Mizoram,100000,100000,74999,Other business activities,"VB-85/A1, 7TH DAY TLANG VAIVAKAWN AIZAWL , Aizawl Unclassified MZ 796009",RoC-Shillong,davidlalhumrenga@gmail.com,NA,NA
U74999MZ2018PTC013314,SENHRI CONSULTING PRIVATE LIMITED,Active,Private,Company limited by Shares,Non-govt company,23-03-18,Mizoram,100000,100000,74999,Other business activities,"No.C-65/A,First Floor Mel 7 Tlang,Durtlang North AIZAWL , Aizawl Unclassified MZ 796025",RoC-Shillong,muana.mizo@gmail.com,31-03-20,31-03-20
U74999MZ2018PTC013318,ZAUCHA CONSTRUCTION PRIVATE LIMITED,Active,Private,Company limited by Shares,Non-govt company,18-04-18,Mizoram,100000,100000,74999,Other business activities,"C/O ZACHHINGI, PARKKAWN, NEAR COSMOPOLITAN SCHOOL VENGLAI KOLASIB , Kolasib Unclassified MZ 796081",RoC-Shillong,legalraastaclient@gmail.com,31-03-20,31-03-20
U74999MZ2018PTC013319,ESPR CREATIVE LAB PRIVATE LIMITED,Active,Private,Company limited by Shares,Non-govt company,04-06-18,Mizoram,1000000,100000,74999,Other business activities,"A-32 ZARKAWT MAIN STREET THIRD FLOOR AIZAWL , Aizawl Unclassified MZ 796007",RoC-Shillong,LALRIN.SANGSIAMA@GMAIL.COM,31-03-19,31-03-19
U74999MZ2018PTC013322,DNP ASSOCIATES PRIVATE LIMITED,Active,Private,Company limited by Shares,Non-govt company,10-07-18,Mizoram,100000,10000,74999,Other business activities,"H NO-30 THUAMPUI I NEAT O L D CAPITAL COUNTER AIZAWL , Aizawl Unclassified MZ 796017",RoC-Shillong,dinpuiaa86@gmail.com,31-03-20,31-03-20
U74999MZ2019OPC013338,VANLALCHHANHIMA RALTE (OPC) PRIVATELIMITED,Active,Private(One Person Company),Company limited by Shares,Non-govt company,19-03-19,Mizoram,100000,100000,74999,Other business activities,"HOUSE NO. 104, SOUTH KANAN DR. R. LALTHANGLIANA BUILDING AIZAWL , Aizawl Unclassified MZ 796009",RoC-Shillong,info@vanlalchhanhimaralte.com,NA,NA
U74999MZ2019OPC013356,ZOLAND CONSULTANCY (OPC) PRIVATE LIMITED,Active,Private(One Person Company),Company limited by Shares,Non-govt company,03-10-19,Mizoram,100000,100000,74999,Other business activities,"C/o. H Lalventluanga, Electric Veng CHAMPHAI , Champhai Unclassified MZ 796321",RoC-Shillong,zolandclt@gmail.com,NA,NA
U74999MZ2019PTC013335,MIZO SAPI CONSULTANCY PRIVATE LIMITED,Active,Private,Company limited by Shares,Non-govt company,08-02-19,Mizoram,1000000,500000,74999,Other business activities,"C/o Saingura Sailo, House No.'A' 15/9, Kanan Veng, AIZAWL , Aizawl Unclassified MZ 796009",RoC-Shillong,canavinsharma1987@gmail.com,31-03-20,31-03-20
U74999MZ2019PTC013339,LBL BUSINESS PRIVATE LIMITED,Active,Private,Company limited by Shares,Non-govt company,19-03-19,Mizoram,1000000,100000,74999,Other business activities,"H/NO 50, HUNTHAR VENG AIZAWL , Aizawl Unclassified MZ 796008",RoC-Shillong,ravijitdasgupta@gmail.com,31-03-20,31-03-20
U74999MZ2019PTC013342,KHIANGTE MULTITRADE PRIVATE LIMITED,Active,Private,Company limited by Shares,Non-govt company,23-04-19,Mizoram,500000,500000,74999,Other business activities,"H/No -3/X/56C KULIKAWN AIZAWL , Aizawl Unclassified MZ 796005",RoC-Shillong,ftesangi@yahoo.com,NA,NA
U74999MZ2019PTC013343,ARDECO DESIGN BUILD PRIVATE LIMITED,Active,Private,Company limited by Shares,Non-govt company,25-04-19,Mizoram,1000000,100000,74999,Other business activities,"HOUSE NO B-49 ZONUAM BLOCK 309A AIZAWL , Aizawl Unclassified MZ 796009",RoC-Shillong,ardeco.designbuild@gmail.com,31-03-20,31-03-20
U74999MZ2019PTC013347,ZOHILL FRUCTIFY PRIVATE LIMITED,Active,Private,Company limited by Shares,Non-govt company,13-06-19,Mizoram,100000,100000,74999,Other business activities,"HD.ZADINGLIANA, C/O LAWMSANGA CHHIAHTLANG ,KAWNVENG SERCHHIP SERCHHIP , Serchhip Unclassified MZ 796181",RoC-Shillong,legalfinityadvisory@gmail.com,NA,NA
U74999MZ2019PTC013349,LALTHANGZAI INDUSTRIES PRIVATE LIMITED,Active,Private,Company limited by Shares,Non-govt company,24-06-19,Mizoram,1000000,500000,74999,Other business activities,"8. Ramthar Veng, Near Silver Mount School, LUNGLEI , Lunglei Unclassified MZ 796701",RoC-Shillong,Vlhpa1239@gmail.com,31-03-20,31-03-20
U74999MZ2020PTC013365,NYP ZORAM PRIVATE LIMITED,Active,Private,Company limited by Shares,Non-govt company,20-03-20,Mizoram,100000,100000,74999,Other business activities,"H/NO SZ/B-19 R. RUALDUHA BUILDING VENGHLUN ZEMABAWK NORTH NEAR PRESBYTERIAN CHURCH Aizawl , Aizawl Unclassified MZ 796017",RoC-Shillong,albertvarte204@gmail.com,NA,NA
U74999MZ2020PTC013373,ZONET TV PRIVATE LIMITED,Active,Private,Company limited by Shares,Non-govt company,07-10-20,Mizoram,20000000,300000,74999,Other business activities,"Building No B-58, 3rd Floor Zorun, Zairema Building, Zarkawt Aizawl , Aizawl Unclassified MZ 796007",RoC-Shillong,mapuia@zonet.in,NA,NA
U74999MZ2020PTC013376,RINTE SERVICES PRIVATE LIMITED,Active,Private,Company limited by Shares,Non-govt company,21-10-20,Mizoram,1000000,10000,74999,Other business activities,"C/O D.P.CHHINGVUNGA, V-SECTION ,V-5 SALEM VENG ARHUAN ROAD AIZAWL AIZAWL , Aizawl Unclassified MZ 796001",RoC-Shillong,rintesale@gmail.com,NA,NA
U75132MZ1978SGC001732,ZORAM INFRASTRUCTURE AND INDUSTRIALDEVELOPMENT CORPORATION LIMITED,Active,Public,Company limited by Shares,State Govt company,27-02-78,Mizoram,200000000,157810000,75132,Public administration and defence; compulsory social security,"UPPER KHATLA AIZWAL , Aizawl Unclassified MZ 796001",RoC-Shillong,zidco2016@gmail.com,31-03-19,31-03-19
U80302MZ1998PTC005313,MIZORAM RESOURCES DEVELOPMENT PVT LTD.,Active,Private,Company limited by Shares,Non-govt company,21-01-98,Mizoram,5000000,1435100,80302,Education,"TUIKHUAH TLANG AIZAWL , Unclassified MZ 796001",RoC-Shillong,NA,NA,NA
U85110MZ1990PTC003430,GREENWOOD HOSPITAL PVT LTD,Active,Private,Company limited by Shares,Non-govt company,19-04-90,Mizoram,12500000,11637300,85110,Health and social work,"BAWNGKAWN AIZAWL , Unclassified MZ 000000",RoC-Shillong,zirtiri@hotmail.com,31-03-18,31-03-18
U85190MZ2021PTC013378,EBENEZER MEDICAL CENTER PRIVATE LIMITED,Active,Private,Company limited by Shares,Non-govt company,01-02-21,Mizoram,150000000,144320000,85190,Health and social work,"CHAWNPUI AIZWAL , Aizawl Unclassified MZ 796009",RoC-Shillong,novy1207@gmail.com,NA,NA
U85200MZ2018PTC013329,ZOTRES HOSPITALS PRIVATE LIMITED,Active,Private,Company limited by Shares,Non-govt company,22-10-18,Mizoram,100000000,61697120,85200,Health and social work,"4th FLOOR, B-58, MACDONALD HILL, ZARKAWT REV DR.ZAIREMA BUILDING AIZAWL , Aizawl Unclassified MZ 796001",RoC-Shillong,msarmah@yahoo.com,31-03-19,31-03-19
U92100MZ2011PTC008262,ZONET CABLE TV PRIVATE LIMITED,Active,Private,Company limited by Shares,Non-govt company,25-03-11,Mizoram,50000000,46543570,92100,"Other community, social and personal service activities","ZORUM, 3RD FLOOR, REV. ZAIREMA BUILDING, ZARKAWT, AIZAWL , Unclassified MZ 796001",RoC-Shillong,zonet@rediffmail.com,31-03-20,31-03-20
U92412MZ2015PTC008285,AIZAWL FOOTBALL CLUB PRIVATE LIMITED,Active,Private,Company limited by Shares,Non-govt company,10-07-15,Mizoram,10000000,10000000,92412,"Other community, social and personal service activities","A.31 CHURCH STREET CHHINGA VENG AIZAWL , Aizawl Unclassified MZ 796001",RoC-Shillong,ttaizawlfc@gmail.com,31-03-19,31-03-19
U92490MZ2021PTC013380,MZ NEWS PRIVATE LIMITED,Active,Private,Company limited by Shares,Non-govt company,02-03-21,Mizoram,1500000,20000,92490,"Other community, social and personal service activities","H/NO A-017 CHANMARI AIZAWL , Aizawl Unclassified MZ 796007",RoC-Shillong,atanusristi@gmail.com,NA,NA
U93090MZ2018OPC013323,ORISON FURNISH INDUSTRIES (OPC) PRIVATELIMITED,Active,Private(One Person Company),Company limited by Shares,Non-govt company,18-07-18,Mizoram,4000000,4000000,93090,"Other community, social and personal service activities","HOUSE NO K-326 SALEM VENG AIZAWL , Aizawl Unclassified MZ 796005",RoC-Shillong,VALTEAMOII@GMAIL.COM,NA,NA
